{"Detectors": {
    "DEFB2": {
        "+": {
            "RawValues": ["Undet.", "Undet.", "Undet."],
            "Values": [38],
            "Mean": 38,
            "StdDev": 0,
            "DCt": 20.315,
            "DdCt": 2.2265000000000015,
            "DdCtErr": 0.06400000000000006,
            "RQ": 0.21367647701502446,
            "RQErr": 0.009478991846076562
        },
        "D39 MOI 10": {
            "RawValues": ["Undet.", "Undet.", "Undet."],
            "Values": [38],
            "Mean": 38,
            "StdDev": 0,
            "DCt": 20.315,
            "DdCt": 2.2265000000000015,
            "DdCtErr": 0.06400000000000006,
            "RQ": 0.21367647701502446,
            "RQErr": 0.009478991846076562
        },
        "D39 MOI 100": {
            "RawValues": ["Undet.", "Undet.", "Undet."],
            "Values": [38],
            "Mean": 38,
            "StdDev": 0,
            "DCt": 20.315,
            "DdCt": 2.2265000000000015,
            "DdCtErr": 0.06400000000000006,
            "RQ": 0.21367647701502446,
            "RQErr": 0.009478991846076562
        },
        "Mock": {
            "RawValues": ["36.08", "Undet.", "35.467"],
            "Values": [36.08, 35.467],
            "Mean": 35.7735,
            "StdDev": 0.43345645686735335,
            "DCt": 18.0885,
            "DdCt": 0,
            "DdCtErr": 0.6163318911106251,
            "RQ": 1,
            "RQErr": 0.6931471805599453
        },
        "dCPS MOI 10": {
            "RawValues": ["Undet.", "Undet.", "Undet."],
            "Values": [38],
            "Mean": 38,
            "StdDev": 0,
            "DCt": 20.315,
            "DdCt": 2.2265000000000015,
            "DdCtErr": 0.06400000000000006,
            "RQ": 0.21367647701502446,
            "RQErr": 0.009478991846076562
        },
        "dCPS MOI 100": {
            "RawValues": ["Undet.", "Undet.", "Undet."],
            "Values": [38],
            "Mean": 38,
            "StdDev": 0,
            "DCt": 20.315,
            "DdCt": 2.2265000000000015,
            "DdCtErr": 0.06400000000000006,
            "RQ": 0.21367647701502446,
            "RQErr": 0.009478991846076562
        },
        "dPLY MOI 10": {
            "RawValues": ["Undet.", "Undet.", "Undet."],
            "Values": [38],
            "Mean": 38,
            "StdDev": 0,
            "DCt": 20.315,
            "DdCt": 2.2265000000000015,
            "DdCtErr": 0.06400000000000006,
            "RQ": 0.21367647701502446,
            "RQErr": 0.009478991846076562
        },
        "dPLY MOI 100": {
            "RawValues": ["37.524", "36.645", "35.958"],
            "Values": [37.524, 36.645, 35.958],
            "Mean": 36.709,
            "StdDev": 0.7849592346103087,
            "DCt": 19.024000000000004,
            "DdCt": 0.9355000000000047,
            "DdCtErr": 1.111943343880435,
            "RQ": 0.5228612285981399,
            "RQErr": 0.402990269207971
        },
        "dd MOI 10": {
            "RawValues": ["36.179", "37.256", "Undet."],
            "Values": [36.179, 37.256],
            "Mean": 36.7175,
            "StdDev": 0.7615540033379103,
            "DCt": 19.032500000000002,
            "DdCt": 0.9440000000000026,
            "DdCtErr": 1.0788999026786479,
            "RQ": 0.5197897175876384,
            "RQErr": 0.38871768448937694
        },
        "dd MOI 100": {
            "RawValues": ["Undet.", "Undet.", "37.357"],
            "Values": [37.357],
            "Mean": 37.357,
            "StdDev": 0,
            "DCt": 19.672,
            "DdCt": 1.5835000000000008,
            "DdCtErr": 0.06400000000000006,
            "RQ": 0.3336714140825297,
            "RQErr": 0.014802137593904365
        }
    },
    "DEFB3": {
        "+": {
            "RawValues": ["32.449", "32.501", "32.661"],
            "Values": [32.449, 32.501, 32.661],
            "Mean": 32.537,
            "StdDev": 0.11048981853546698,
            "DCt": 14.852,
            "DdCt": -0.7010000000000005,
            "DdCtErr": 0.168854967353646,
            "RQ": 1.6256312039686407,
            "RQErr": 0.19026606184634384
        },
        "D39 MOI 10": {
            "RawValues": ["30.839", "31.222", "31.107"],
            "Values": [30.839, 31.222, 31.107],
            "Mean": 31.056,
            "StdDev": 0.19652735178595493,
            "DCt": 13.371000000000002,
            "DdCt": -2.1819999999999986,
            "DdCtErr": 0.28520518929360483,
            "RQ": 4.537821939743812,
            "RQErr": 0.8970782657628302
        },
        "D39 MOI 100": {
            "RawValues": ["29.103", "29.091", "28.981"],
            "Values": [29.103, 29.091, 28.981],
            "Mean": 29.058333333333337,
            "StdDev": 0.06724086059334242,
            "DCt": 11.373333333333338,
            "DdCt": -4.179666666666662,
            "DdCtErr": 0.11462402307835223,
            "RQ": 18.121954620403475,
            "RQErr": 1.439813186960176
        },
        "Mock": {
            "RawValues": ["33.315", "33.38", "33.019"],
            "Values": [33.315, 33.38, 33.019],
            "Mean": 33.238,
            "StdDev": 0.19242401097576298,
            "DCt": 15.553,
            "DdCt": 0,
            "DdCtErr": 0.2795532149698892,
            "RQ": 1,
            "RQErr": 0.6931471805599453
        },
        "dCPS MOI 10": {
            "RawValues": ["28.921", "28.948", "29.017"],
            "Values": [28.921, 28.948, 29.017],
            "Mean": 28.962,
            "StdDev": 0.049507575177946156,
            "DCt": 11.277000000000001,
            "DdCt": -4.276,
            "DdCtErr": 0.09485778829384538,
            "RQ": 19.37332934320886,
            "RQErr": 1.2738043185153551
        },
        "dCPS MOI 100": {
            "RawValues": ["27.645", "27.666", "27.669"],
            "Values": [27.645, 27.666, 27.669],
            "Mean": 27.66,
            "StdDev": 0.013076696830622516,
            "DCt": 9.975000000000001,
            "DdCt": -5.577999999999999,
            "DdCtErr": 0.06661831579978612,
            "RQ": 47.768908265502475,
            "RQErr": 2.2057913322287357
        },
        "dPLY MOI 10": {
            "RawValues": ["31.538", "32", "31.754"],
            "Values": [31.538, 32, 31.754],
            "Mean": 31.764,
            "StdDev": 0.2311622806601456,
            "DCt": 14.079,
            "DdCt": -1.4740000000000002,
            "DdCtErr": 0.33311859749944894,
            "RQ": 2.7779102715302213,
            "RQErr": 0.6414200835273279
        },
        "dPLY MOI 100": {
            "RawValues": ["32.685", "32.818", "32.802"],
            "Values": [32.685, 32.818, 32.802],
            "Mean": 32.76833333333334,
            "StdDev": 0.07261083482052128,
            "DCt": 15.08333333333334,
            "DdCt": -0.46966666666666157,
            "DdCtErr": 0.12099862258168916,
            "RQ": 1.384789476838322,
            "RQErr": 0.11614209137352328
        },
        "dd MOI 10": {
            "RawValues": ["31.459", "31.368", "31.374"],
            "Values": [31.459, 31.368, 31.374],
            "Mean": 31.400333333333332,
            "StdDev": 0.050895317400851244,
            "DCt": 13.715333333333334,
            "DdCt": -1.8376666666666672,
            "DdCtErr": 0.09631545393480109,
            "RQ": 3.574314711959776,
            "RQErr": 0.23862405722010077
        },
        "dd MOI 100": {
            "RawValues": ["27.906", "28.03", "28.072"],
            "Values": [27.906, 28.03, 28.072],
            "Mean": 28.002666666666666,
            "StdDev": 0.08630952052545202,
            "DCt": 10.317666666666668,
            "DdCt": -5.235333333333333,
            "DdCtErr": 0.13782114012975968,
            "RQ": 37.66971813857753,
            "RQErr": 3.598600781927149
        }
    },
    "IL8": {
        "+": {
            "RawValues": ["16.919", "16.83", "16.917"],
            "Values": [16.919, 16.83, 16.917],
            "Mean": 16.888666666666666,